location_id,store_id,store_name,category,sub_category,floor,state_id,country_id,district_id,neighborhood_id,parent_company,latitude,longitude,contact_number,created_at,modified_at,is_deleted,weekly_footfall,Age Range,Customer Type,Ethnicity,Gender Distribution
14082,100101,Max,Shopping,Anchor,Tunisia Court,2,220,,, Landmark Group,25.0457804,55.12017,97143685435,19:07.6,19:07.6,0,8000,18-45 years,Budget-conscious families and middle-income professionals shopping for affordable apparel.,"Diverse (Emirati, South Asian, Western, Arab, Southeast Asian)",Balanced
14082,100102,Brands For Less,Shopping,Anchor,Andalusia Court,2,220,,, BFL Group,25.04556322,55.11867391,97145142533,19:07.6,19:07.6,0,5000,18-45 years,Specific customer type not available for this store.,Primarily Western and South Asian,Female-dominated
14082,100103,MARKS & SPENCER,Shopping,Anchor,India Court,2,220,,, Marks and Spencer Group plc,25.0460569,55.12037092,97144471623,19:07.6,19:07.6,0,9000,25-65 years,Specific customer type not available for this store.,"Diverse (Emirati, South Asian, Western, Arab, Southeast Asian)",Balanced
14082,100104,R&B Fashion,Shopping,Anchor,Persia Court,2,220,,,Apparel Group,25.04460364,55.12052836,552136901,19:07.6,19:07.6,0,5000,18-45 years,Young professionals and families looking for casual and stylish clothing.,Primarily Western and South Asian,Female-dominated
14082,100105,Carrefour,Shopping,Anchor,Tunisia Court,2,220,,, Majid Al Futtaim Group,25.0416848,55.1159144,+971 4 821 8154,19:07.6,19:07.6,0,50000,15-65 years,"Families, expatriates, and professionals shopping for groceries and household goods.",Multicultural (Families and Expats),Balanced (Families)
14082,100106,Brands for Less,Shopping,Anchor,Persia Court,2,220,,, BFL Group,25.04556811,55.11866877,+971 4 4273125,19:07.6,19:07.6,0,,25-65 years,Specific customer type not available for this store.,"Diverse (Emirati, South Asian, Western, Arab, Southeast Asian)",Balanced
14082,100107,BRAND BAZZAAR,Shopping,Anchor,Persia Court,2,220,,,Apparel Group,25.044957,55.11827,547932235,19:07.6,19:07.6,0,4000,25-65 years,Specific customer type not available for this store.,"Diverse (Emirati, South Asian, Western, Arab, Southeast Asian)",Balanced
14082,100108,H&M,Shopping,Anchor,Persia Court,2,220,,, H&M Group,25.04486437,55.12020515,+971 4 419 0626,19:07.6,19:07.6,0,9000,18-45 years,Teens and young professionals seeking trendy and affordable fashion.,Primarily Western and South Asian,Female-dominated
14082,100109,CENTREPOINT,Shopping,Anchor,Persia Court,2,220,,, Landmark Group,25.04448058,55.12009524,+971 501696391,19:07.6,19:07.6,0,8000,18-50 years,Specific customer type not available for this store.,"Diverse (Emirati, South Asian, Western, Arab, Southeast Asian)",Balanced
14082,100110,Al Ansari Exchange,Shopping,BFSI,China Court,2,220,,,Al Ansari Group,25.04823549,55.12208958,+971 4 456 1651,19:07.6,19:07.6,0,3000,25-50 years,Professionals and expatriates managing remittances and financial services.,Primarily South Asian and Arab,Male-dominated
14082,100111,Al Fardan Exchange,Shopping,BFSI,Andalusia Court,2,220,,,Al Fardan Group,25.0424065,55.11729581,+971 4 882 6003,19:07.6,19:07.6,0,2500,25-50 years,Specific customer type not available for this store.,Primarily South Asian and Arab,Male-dominated
14082,100112,Dubai Islamic Bank,Shopping,BFSI,China Court,2,220,,, Dubai Islamic Bank PJSC,25.04796857,55.12219778,+971 4 609 2222,19:07.6,19:07.6,0,3000,18-45 years,Local professionals and expatriates handling personal finances and savings.,Primarily South Asian and Arab,Male-dominated
14082,100113,Emirates National Bank of Dubai,Shopping,BFSI,India Court,2,220,,, Emirates NBD,25.04601298,55.12040952,+971 4 609 2222,19:07.6,19:07.6,0,3000,25-65 years,Specific customer type not available for this store.,Primarily South Asian and Arab,Male-dominated
14082,100114,LM Exchange,Shopping,BFSI,Tunisia Court,2,220,,,LM group,25.04234948,55.11825096,+971 4 339 9670,19:07.6,19:07.6,0,2500,18-50 years,Specific customer type not available for this store.,Primarily South Asian and Arab,Male-dominated
14082,100115,Sharaf Exchange,Shopping,BFSI,Andalusia Court,2,220,,,Sharaf Group,25.0421124,55.11838931,971 4 368 5688,19:07.6,19:07.6,0,2500,18-45 years,Specific customer type not available for this store.,Primarily South Asian and Arab,Male-dominated
14082,100116,Al Ansari Exchange,Shopping,BFSI,Tunisia Court,2,220,,,Al Anasari Group,25.04646647,55.12140294,971 4 368 5688,19:07.6,19:07.6,0,2500,25-50 years,Professionals and expatriates managing remittances and financial services.,Primarily South Asian and Arab,Male-dominated
14082,100117,Goyals,Shopping,Books,Egypt Court,2,220,,,The Goyal Group,25.04476222,55.11898585,4689948,19:07.6,19:07.6,0,2000,25-65 years,Specific customer type not available for this store.,"Diverse (Emirati, South Asian, Western, Arab, Southeast Asian)",Balanced
14082,100118,Borders,Shopping,Books,China Court,2,220,,,Borders Group,25.0467427,55.1197798,+971 4 434 1925,19:07.6,19:07.6,0,3000,25-65 years,Specific customer type not available for this store.,"Diverse (Emirati, South Asian, Western, Arab, Southeast Asian)",Balanced
14082,100119,Claire's,Shopping,Fashion,Egypt Court,2,220,,,Claire's Stores,25.0445,55.1177197,+971 4 419 0655,19:07.6,19:07.6,0,3000,25-65 years,Specific customer type not available for this store.,"Diverse (Emirati, South Asian, Western, Arab, Southeast Asian)",Balanced
14082,100120,Aldo Accessories,Shopping,Fashion,India Court,2,220,,,Apparel Group,25.044587,55.1177162,+971 552136090,19:07.6,19:07.6,0,4000,18-50 years,Specific customer type not available for this store.,Primarily Western and South Asian,Female-dominated
14082,100121,The Children's Place,Shopping,Fashion,Persia Court,2,220,,,Apparel Group,25.045038,55.11845,+971 555976205,19:07.6,19:07.6,0,5000,10-35 years,Specific customer type not available for this store.,"Diverse (Emirati, South Asian, Western, Arab, Southeast Asian)",Balanced
14082,100122,Kidz Palooza,Shopping,Fashion,Egypt Court,2,220,,,Independent,25.04354208,55.117012,04 576 9180,19:07.6,19:07.6,0,3500,10-35 years,Parents seeking fun and educational activities for children.,"Diverse (Emirati, South Asian, Western, Arab, Southeast Asian)",Balanced
14082,100123,The Custom Shop,Shopping,Fashion,India Court,2,220,,,,25.0456267,55.1188037,+971 4 456 5280,19:07.6,19:07.6,0,2500,18-45 years,Professionals shopping for bespoke or luxury apparel.,"Diverse (Emirati, South Asian, Western, Arab, Southeast Asian)",Balanced
14082,100124,Gentle Park,Shopping,Fashion,Persia Court,2,220,,,,25.04575544,55.11936758,45778108,19:07.6,19:07.6,0,3000,25-65 years,Specific customer type not available for this store.,"Diverse (Emirati, South Asian, Western, Arab, Southeast Asian)",Balanced
14082,100125,BRANDS,Shopping,Fashion,Egypt Court,2,220,,,,25.04424301,55.11932171,971 4 5837116,19:07.6,19:07.6,0,4000,18-50 years,Specific customer type not available for this store.,"Diverse (Emirati, South Asian, Western, Arab, Southeast Asian)",Balanced
14082,100126,Arrow,Shopping,Fashion,India Court,2,220,,,Arvind Limited,25.0459715,55.1193989,+971 4 368 5650,19:07.6,19:07.6,0,3000,25-65 years,Specific customer type not available for this store.,"Diverse (Emirati, South Asian, Western, Arab, Southeast Asian)",Balanced
14082,100127,Pierre Cardin,Shopping,Fashion,Egypt Court,2,220,,,Pierre Cardin Paris LLC,25.0429407,55.11897,+971 561883740,19:07.6,19:07.6,0,3500,15-50 years,Professionals and middle-income shoppers interested in sophisticated fashion.,"Diverse (Emirati, South Asian, Western, Arab, Southeast Asian)",Balanced
14082,100128,Wrangler,Shopping,Fashion,Persia Court,2,220,,,Arvind Limited,25.0453919,55.1180319,526925254,19:07.6,19:07.6,0,3000,25-65 years,Specific customer type not available for this store.,"Diverse (Emirati, South Asian, Western, Arab, Southeast Asian)",Balanced
14082,100129,Levantino,Shopping,Fashion,India Court,2,220,,,,25.0462846,55.1192283,42288644,19:07.6,19:07.6,0,3000,25-65 years,Specific customer type not available for this store.,"Diverse (Emirati, South Asian, Western, Arab, Southeast Asian)",Balanced
14082,100130,Gant,Shopping,Fashion,India Court,2,220,,,Arvind Limited,25.0456559,55.1186598,+971 4 3685241,19:07.6,19:07.6,0,3500,25-65 years,Specific customer type not available for this store.,"Diverse (Emirati, South Asian, Western, Arab, Southeast Asian)",Balanced
14082,100131,Sacoor Blue,Shopping,Fashion,Egypt Court,2,220,,,Sacoor Brothers Group,25.045625,55.1183122,47053858,19:07.6,19:07.6,0,3500,18-50 years,Professionals and high-income customers seeking tailored clothing.,"Diverse (Emirati, South Asian, Western, Arab, Southeast Asian)",Balanced
14082,100132,Royal Fashion,Shopping,Fashion,India Court,2,220,,,,25.0447061,55.1178015,+971 451 44720,19:07.6,19:07.6,0,3000,25-50 years,Specific customer type not available for this store.,Primarily Western and South Asian,Female-dominated
14082,100133,Balmain Paris,Shopping,Fashion,India Court,2,220,,,Balmain,25.0445539,55.1177166,561883741,19:07.6,19:07.6,0,3000,18-45 years,Specific customer type not available for this store.,"Diverse (Emirati, South Asian, Western, Arab, Southeast Asian)",Balanced
14082,100134,Sacoor Blue,Shopping,Fashion,Egypt Court,2,220,,,Sacoor Brothers Group,25.0455375,55.121129,47053858,19:07.6,19:07.6,0,2500,18-45 years,Professionals and high-income customers seeking tailored clothing.,"Diverse (Emirati, South Asian, Western, Arab, Southeast Asian)",Balanced
14082,100135,The Body Shop,Shopping,Cosmetics,India Court,2,220,,, Natura &Co,25.0441875,55.1164822,45642094,19:07.6,19:07.6,0,4000,25-65 years,Environmentally conscious shoppers interested in ethical skincare and beauty products.,"Diverse (Emirati, South Asian, Western, Arab, Southeast Asian)",Balanced
14082,100136,Coral Perfumes,Shopping,Cosmetics,Persia Court,2,220,,,Coral Perfumes Industry LLC,25.04559748,55.1190075,43217112,19:07.6,19:07.6,0,3000,18-50 years,Specific customer type not available for this store.,"Diverse (Emirati, South Asian, Western, Arab, Southeast Asian)",Balanced
14082,100137,Lush,Shopping,Cosmetics,India Court,2,220,,,Lush Cosmetics,25.0466587,55.1197036,+971 4 560 8512,19:07.6,19:07.6,0,4000,25-65 years,Specific customer type not available for this store.,"Diverse (Emirati, South Asian, Western, Arab, Southeast Asian)",Balanced
14082,100138,Rituals,Shopping,Cosmetics,Egypt Court,2,220,,,Rituals Cosmetics Enterprise B.V,25.0452569,55.1176874,056 526 8994,19:07.6,19:07.6,0,4000,15-50 years,Specific customer type not available for this store.,"Diverse (Emirati, South Asian, Western, Arab, Southeast Asian)",Balanced
14082,100139,The Face Shop,Shopping,Cosmetics,Egypt Court,2,220,,,LG Household & Health Care,25.04465122,55.11892095,521195174,19:07.6,19:07.6,0,3500,25-65 years,Specific customer type not available for this store.,"Diverse (Emirati, South Asian, Western, Arab, Southeast Asian)",Balanced
14082,100140,Sephora,Shopping,Cosmetics,India Court,2,220,,,LVMH MoÎt Hennessy Louis Vuitton,25.0433962,55.1150556,+971 4 425 7953,19:07.6,19:07.6,0,5000,18-45 years,Millennials and Gen Z beauty enthusiasts exploring premium cosmetics.,"Diverse (Emirati, South Asian, Western, Arab, Southeast Asian)",Balanced
14082,100141,Bath & Body Works,Shopping,Cosmetics,India Court,2,220,,,"Bath & Body Works, Inc.",25.04520717,55.12072311,44190647,19:07.6,19:07.6,0,4500,25-65 years,Young professionals and families indulging in affordable luxury body care.,"Diverse (Emirati, South Asian, Western, Arab, Southeast Asian)",Balanced
14082,100142,Arabian Oud,Shopping,Cosmetics,Egypt Court,2,220,,,Arabian Oud Company,25.0443024,55.1172461,+971 4 277 8140,19:07.6,19:07.6,0,3500,18-50 years,Luxury-seeking professionals and expatriates interested in premium oud perfumes.,"Diverse (Emirati, South Asian, Western, Arab, Southeast Asian)",Balanced
14082,100143,KIKO Milano,Shopping,Cosmetics,Tunisia Court,2,220,,,Percassi Group,25.0444515,55.1175058,525518838,19:07.6,19:07.6,0,4000,25-50 years,Specific customer type not available for this store.,"Diverse (Emirati, South Asian, Western, Arab, Southeast Asian)",Balanced
14082,100144,Swiss Arabian Perfume,Shopping,Cosmetics,Tunisia Court,2,220,,,Swiss Arabian Perfume Group,25.0426676,55.11802558,529064226,19:07.6,19:07.6,0,3000,10-35 years,Middle Eastern customers and professionals choosing luxury fragrances.,"Diverse (Emirati, South Asian, Western, Arab, Southeast Asian)",Balanced
14082,100145,The Warehouse Gym,Shopping,Lifestyle,Egypt Court,2,220,,,Levant Capital,25.0437123,55.1168069,45809173,19:07.6,19:07.6,0,5500,18-45 years,Gym-goers and health-conscious individuals seeking a dynamic fitness environment.,"Diverse (Emirati, South Asian, Western, Arab, Southeast Asian)",Balanced
14082,100146,Fitness First,Shopping,Lifestyle,China Court,2,220,,, Evolution Wellness Group,25.0482968,55.12191796,+971 4 366 9933,19:07.6,19:07.6,0,5500,18-50 years,Young professionals and fitness enthusiasts prioritizing health and wellness.,"Diverse (Emirati, South Asian, Western, Arab, Southeast Asian)",Balanced
14082,100147,DR. Nutrition Center L.L.C,Shopping,Lifestyle,China Court,2,220,,,Dr. Nutrition Middle East FZCO,25.04305984,55.11762328,42040750,19:07.6,19:07.6,0,3000,25-65 years,Specific customer type not available for this store.,"Diverse (Emirati, South Asian, Western, Arab, Southeast Asian)",Balanced
14082,100148,TOY STATION,Shopping,Children,Egypt Court,2,220,,,Toy Station General Trading LLC,25.0405539,55.1139914,971 4 584 8997,19:07.6,19:07.6,0,4000,Families with children,Specific customer type not available for this store.,"Diverse (Emirati, South Asian, Western, Arab, Southeast Asian)",Balanced
14082,100149,Jumeirah International Nurseries,Shopping,Children,Persia Court,2,220,,,Fortes Education,25.0447099,55.118895,04 557 9080,19:07.6,19:07.6,0,2500,25-65 years,Specific customer type not available for this store.,"Diverse (Emirati, South Asian, Western, Arab, Southeast Asian)",Balanced
14082,100150,Stay and Play,Shopping,Children,Egypt Court,2,220,,,,25.04329908,55.11849785,505425828,19:07.6,19:07.6,0,3500,15-50 years,Specific customer type not available for this store.,"Diverse (Emirati, South Asian, Western, Arab, Southeast Asian)",Balanced
14082,100151,Sing N Swing,Shopping,Children,China Court,2,220,,,,25.04672824,55.12126595,+971 4 366 9385,19:07.6,19:07.6,0,3000,15-50 years,Specific customer type not available for this store.,"Diverse (Emirati, South Asian, Western, Arab, Southeast Asian)",Balanced
14082,100152,Stay and Play,Shopping,Children,Egypt Court,2,220,,,,25.0448144,55.119638,505425828,19:07.6,19:07.6,0,3000,15-50 years,Specific customer type not available for this store.,"Diverse (Emirati, South Asian, Western, Arab, Southeast Asian)",Balanced
14082,100153,Fun City,Shopping,Entertainment,Andalusia Court,2,220,,,Landmark Leisure,25.04230051,55.11773362,43669819,19:07.6,19:07.6,0,5500,Families with children,Parents and kids enjoying recreational activities and fun games.,Families with Children (Multicultural),Family-oriented
14082,100154,Sky Zone,Shopping,Entertainment,Persia Court,2,220,,,Sky Zone Franchise Group,25.045836,55.1198919,547932011,19:07.6,19:07.6,0,4000,10-35 years,Specific customer type not available for this store.,Families with Children (Multicultural),Family-oriented
14082,100155,Switch Bowling,Shopping,Entertainment,India Court,2,220,,,Switch Bowling LLC,25.0460161,55.1198921,+971 4 440 5961,19:07.6,19:07.6,0,4500,15-50 years,"Teens, young adults, and families engaging in casual bowling and entertainment.","Diverse (Emirati, South Asian, Western, Arab, Southeast Asian)",Balanced
14082,100156,Novo Cinemas,Shopping,Entertainment,China Court,2,220,,, ELAN Group,25.047722,55.1209441,+971 4 440 5961,19:07.6,19:07.6,0,10000,18-45 years,"Families, teens, and movie enthusiasts enjoying entertainment outings.","Diverse (Emirati, South Asian, Western, Arab, Southeast Asian)",Balanced
14082,100157,Thomsun Pure Music,Shopping,Speciality,China Court,2,220,,,Thomsun Trading Establishment,25.04804335,55.12206713,+971 4 366 9385,19:07.6,19:07.6,0,3000,25-65 years,Specific customer type not available for this store.,"Diverse (Emirati, South Asian, Western, Arab, Southeast Asian)",Balanced
14082,100158,Smokers Centre,Shopping,Speciality,Tunisia Court,2,220,,,National Trading and Developing Est. (NTDE),25.0466996,55.12134,+971 4 368 5652,19:07.6,19:07.6,0,2500,25-65 years,Specific customer type not available for this store.,"Diverse (Emirati, South Asian, Western, Arab, Southeast Asian)",Balanced
14082,100159,MMI,Shopping,Speciality,Tunisia Court,2,220,,, Emirates Group,25.04398066,55.11699437,+971 4 3685626,19:07.6,19:07.6,0,3000,25-65 years,Specific customer type not available for this store.,"Diverse (Emirati, South Asian, Western, Arab, Southeast Asian)",Balanced
14082,100160,HEMA,Shopping,Speciality,Persia Court,2,220,,,Apparel Group,25.04572114,55.1199914,+971 54 7932286,19:07.6,19:07.6,0,4000,15-50 years,Specific customer type not available for this store.,"Diverse (Emirati, South Asian, Western, Arab, Southeast Asian)",Balanced
14082,100161,JS Music,Shopping,Speciality,Egypt Court,2,220,,,J.S. Music Corporation,25.0442992,55.1165163,+971 4 366 9715,19:07.6,19:07.6,0,2500,25-65 years,Specific customer type not available for this store.,"Diverse (Emirati, South Asian, Western, Arab, Southeast Asian)",Balanced
14082,100162,Daiso,Shopping,Speciality,Andalusia Court,2,220,,,Asung Daiso,25.04227414,55.11741407,44503739,19:07.6,19:07.6,0,5000,25-65 years,"Young shoppers and families seeking affordable, unique, and functional items.","Diverse (Emirati, South Asian, Western, Arab, Southeast Asian)",Balanced
14082,100163,Dollar Plus,Shopping,Speciality,Egypt Court,2,220,,,Apparel Group,25.0446416,55.11868532,547932236,19:07.6,19:07.6,0,4500,25-65 years,Budget-conscious shoppers looking for everyday essentials at discounted prices.,"Diverse (Emirati, South Asian, Western, Arab, Southeast Asian)",Balanced
14082,100164,Brands For Less,Shopping,Speciality,Andalusia Court,2,220,,, BFL Group,25.0455527,55.1160939,+971 4 5142533,19:07.6,19:07.6,0,5000,18-45 years,Specific customer type not available for this store.,Primarily Western and South Asian,Female-dominated
14082,100165,MY VAPERY,Shopping,Speciality,Tunisia Court,2,220,,,Xyfil,25.04270394,55.11849254,050360 9156,19:07.6,19:07.6,0,2500,25-50 years,Specific customer type not available for this store.,"Diverse (Emirati, South Asian, Western, Arab, Southeast Asian)",Balanced
14082,100166,Miniso,Shopping,Speciality,Egypt Court,2,220,,,,25.0441941,55.1165654,+971 42390733,19:07.6,19:07.6,0,5000,18-45 years,"Young families and individuals seeking trendy, affordable lifestyle products.","Diverse (Emirati, South Asian, Western, Arab, Southeast Asian)",Balanced
14082,100167,Mumuso,Shopping,Speciality,Egypt Court,2,220,,,,25.0439667,55.1171255,050-9672519,19:07.6,19:07.6,0,4500,18-45 years,Specific customer type not available for this store.,"Diverse (Emirati, South Asian, Western, Arab, Southeast Asian)",Balanced
14082,100168,Brands for Less,Shopping,Speciality,Persia Court,2,220,,, BFL Group,25.0455527,55.1160939,+971 4 4273125,19:07.6,19:07.6,0,5000,25-65 years,Specific customer type not available for this store.,"Diverse (Emirati, South Asian, Western, Arab, Southeast Asian)",Balanced
14082,100169,Flying Tiger Copenhagen,Shopping,Speciality,Tunisia Court,2,220,,,Zebra A/S,25.0448205,55.1177423,44106649,19:07.6,19:07.6,0,4000,18-50 years,Shoppers seeking quirky and unique lifestyle items.,"Diverse (Emirati, South Asian, Western, Arab, Southeast Asian)",Balanced
14082,100170,Auto Care - 3M,Shopping,Services,China Court,2,220,,,3M Company,25.04817596,55.12120425,+971 4 366 9390,19:07.6,19:07.6,0,3000,25-65 years,Specific customer type not available for this store.,"Diverse (Emirati, South Asian, Western, Arab, Southeast Asian)",Balanced
14082,100171,Belhasa Driving Center,Shopping,Services,Egypt Court,2,220,,,Belhasa Group,25.0442995,55.1165447,+971 4 2427759,19:07.6,19:07.6,0,2500,15-50 years,Specific customer type not available for this store.,"Diverse (Emirati, South Asian, Western, Arab, Southeast Asian)",Balanced
14082,100172,DHL,Shopping,Services,Andalusia Court,2,220,,,Deutsche Post DHL Group,25.04513564,55.11981465,+971 56 4164775,19:07.6,19:07.6,0,3000,25-65 years,Specific customer type not available for this store.,"Diverse (Emirati, South Asian, Western, Arab, Southeast Asian)",Balanced
14082,100173,Al Thawb Al Watani Tailor,Shopping,Services,Persia Court,2,220,,,,25.0456628,55.1180796,+971 4 368 5324,19:07.6,19:07.6,0,2500,25-65 years,Specific customer type not available for this store.,"Diverse (Emirati, South Asian, Western, Arab, Southeast Asian)",Balanced
14082,100174,Virgin Mobile,Shopping,Services,Tunisia Court,2,220,,, Emirates Integrated Telecommunications Company (du),25.0424241,55.11823562,058 504 4397,19:07.6,19:07.6,0,3500,25-65 years,Specific customer type not available for this store.,"Diverse (Emirati, South Asian, Western, Arab, Southeast Asian)",Balanced
14082,100175,Du,Shopping,Services,Tunisia Court,2,220,,, Emirates Integrated Telecommunications Company,25.04351422,55.11874677,+971 4 445 8553,19:07.6,19:07.6,0,3500,18-50 years,Specific customer type not available for this store.,"Diverse (Emirati, South Asian, Western, Arab, Southeast Asian)",Balanced
14082,100176,Drive Dubai Driving institute,Shopping,Services,Tunisia Court,2,220,,,,25.0440654,55.1171241,48786022,19:07.6,19:07.6,0,2500,25-50 years,Specific customer type not available for this store.,"Diverse (Emirati, South Asian, Western, Arab, Southeast Asian)",Balanced
14082,100177,Etisalat,Shopping,Services,Tunisia Court,2,220,,, e&,25.04224736,55.11797532,800101,19:07.6,19:07.6,0,3500,10-35 years,Specific customer type not available for this store.,"Diverse (Emirati, South Asian, Western, Arab, Southeast Asian)",Balanced
14082,100178,Amer,Shopping,Services,China Court,2,220,,,General Directorate of Residency and Foreigners Affairs (GDRFA),25.04811223,55.12187927,+971 4 8866060,19:07.6,19:07.6,0,2500,18-45 years,Specific customer type not available for this store.,"Diverse (Emirati, South Asian, Western, Arab, Southeast Asian)",Balanced
14082,100179,SAAED,Shopping,Services,India Court,2,220,,,,25.0470264,55.1182881,+971 4 5219999,19:07.6,19:07.6,0,2000,25-65 years,Specific customer type not available for this store.,"Diverse (Emirati, South Asian, Western, Arab, Southeast Asian)",Balanced
14082,100180,T-shirt Factory / Portfolio,Shopping,Services,Egypt Court,2,220,,,,25.04221426,55.11807472,565156519,19:07.6,19:07.6,0,2500,18-50 years,Specific customer type not available for this store.,"Diverse (Emirati, South Asian, Western, Arab, Southeast Asian)",Balanced
14082,100181,Photo Magic,Shopping,Services,Tunisia Court,2,220,,,,25.041006,55.1155298,+971 4 368 5658,19:07.6,19:07.6,0,2500,25-65 years,Specific customer type not available for this store.,"Diverse (Emirati, South Asian, Western, Arab, Southeast Asian)",Balanced
14082,100182,Minutes Quick Services | Branch 2,Shopping,Services,Persia Court,2,220,,,Minutes Quick Services,25.04802959,55.12181432,44307584,19:07.6,19:07.6,0,,25-65 years,Specific customer type not available for this store.,"Diverse (Emirati, South Asian, Western, Arab, Southeast Asian)",Balanced
14082,100183,Mediclinic Ibn Battuta,Shopping,Services,China Court,2,220,,, Mediclinic International,25.04798231,55.1218842,+971 4 2478333,19:07.6,19:07.6,0,4000,25-65 years,Specific customer type not available for this store.,"Diverse (Emirati, South Asian, Western, Arab, Southeast Asian)",Balanced
14082,100184,Thrifty Car Rental,Shopping,Services,Andalusia Court,2,220,,,The Hertz Corporation,25.0417463,55.11790658,+971 4 450 8916,19:07.6,19:07.6,0,3000,25-65 years,Specific customer type not available for this store.,"Diverse (Emirati, South Asian, Western, Arab, Southeast Asian)",Balanced
14082,100185,Sell Your Motors,Shopping,Services,Tunisia Court,2,220,,,Sell Your Motors LLC,25.04193679,55.11805199,97143301030,19:07.6,19:07.6,0,2500,25-65 years,Specific customer type not available for this store.,"Diverse (Emirati, South Asian, Western, Arab, Southeast Asian)",Balanced
14082,100186,Galadari Motor Driving Center,Shopping,Services,Tunisia Court,2,220,,,Galadari Brothers Group,25.04214728,55.1188904,528838465,19:07.6,19:07.6,0,2500,18-50 years,Specific customer type not available for this store.,"Diverse (Emirati, South Asian, Western, Arab, Southeast Asian)",Balanced
14082,100187,Medical Examination Centre,Shopping,Services,China Court,2,220,,,,25.04562297,55.12054001,+971 4 8804762,19:07.6,19:07.6,0,3500,25-50 years,Specific customer type not available for this store.,"Diverse (Emirati, South Asian, Western, Arab, Southeast Asian)",Balanced
14082,100188,Dewa,Shopping,Services,Persia Court,2,220,,,,25.0448835,55.1176986,+971 4 6019999,19:07.6,19:07.6,0,2500,10-35 years,Specific customer type not available for this store.,"Diverse (Emirati, South Asian, Western, Arab, Southeast Asian)",Balanced
14082,100189,Minutes Quick Services | Branch 1,Shopping,Services,Tunisia Court,2,220,,,Minutes Quick Services,25.04193108,55.11831524,43636575,19:07.6,19:07.6,0,,18-45 years,Specific customer type not available for this store.,"Diverse (Emirati, South Asian, Western, Arab, Southeast Asian)",Balanced
14082,100190,BIN SINA PHARMACY,Shopping,Pharmacies,Persia Court,2,220,,,Al Khayyat Investments (AKI),25.04181615,55.1162041,45754893,19:07.6,19:07.6,0,3000,25-65 years,Specific customer type not available for this store.,"Diverse (Emirati, South Asian, Western, Arab, Southeast Asian)",Balanced
14082,100191,LIFE PHARMACY,Shopping,Pharmacies,Tunisia Court,2,220,,, Life Healthcare Group,25.04240774,55.11871552,45812466,19:07.6,19:07.6,0,3000,25-65 years,Specific customer type not available for this store.,"Diverse (Emirati, South Asian, Western, Arab, Southeast Asian)",Balanced
14082,100192,Life Pharmacy,Shopping,Pharmacies,Persia Court,2,220,,, Life Healthcare Group,25.0415436,55.1059044,42779199,19:07.6,19:07.6,0,3000,25-65 years,Specific customer type not available for this store.,"Diverse (Emirati, South Asian, Western, Arab, Southeast Asian)",Balanced
14082,100193,Ibn Battuta Pharmacy,Shopping,Pharmacies,China Court,2,220,,,,25.046847,55.12247,+971 4 429 7940,19:07.6,19:07.6,0,2500,15-50 years,Specific customer type not available for this store.,"Diverse (Emirati, South Asian, Western, Arab, Southeast Asian)",Balanced
14082,100194,Bin Sina Pharmacy,Shopping,Pharmacies,Andalusia Court,2,220,,,Al Khayyat Investments (AKI),25.041544,55.1136292,+971 4 423 3895,19:07.6,19:07.6,0,3000,25-65 years,Families and professionals buying medicines and personal care items.,"Diverse (Emirati, South Asian, Western, Arab, Southeast Asian)",Balanced
14082,100195,LIFE PHARMACY,Shopping,Pharmacies,Persia Court,2,220,,, Life Healthcare Group,25.04627635,55.11923051,45812480,19:07.6,19:07.6,0,3000,25-65 years,Specific customer type not available for this store.,"Diverse (Emirati, South Asian, Western, Arab, Southeast Asian)",Balanced
14082,100196,Boots Pharmacy,Shopping,Pharmacies,Egypt Court,2,220,,, Walgreens Boots Alliance,25.04318038,55.1185331,44190659,19:07.6,19:07.6,0,3500,25-65 years,Families purchasing medicines and skincare products.,"Diverse (Emirati, South Asian, Western, Arab, Southeast Asian)",Balanced
14082,100197,Mediclinic Ibn Battuta,Shopping,Medical,China Court,2,220,,, Mediclinic International,25.0477685,55.1193093,+971 4 2478333,19:07.6,19:07.6,0,4000,25-65 years,Specific customer type not available for this store.,"Diverse (Emirati, South Asian, Western, Arab, Southeast Asian)",Balanced
14082,100198,Aster Pharmacy in Jebel Ali,Shopping,Pharmacies,Tunisia Court,2,220,,,Aster DM Healthcare,25.04276594,55.11821632,45543519,19:07.6,19:07.6,0,2500,25-50 years,Specific customer type not available for this store.,"Diverse (Emirati, South Asian, Western, Arab, Southeast Asian)",Balanced
14082,100199,Gloria Jean's Coffee,Dining,Caf√©,Egypt Court,2,220,,,Retail Food Group (RFG),25.04496398,55.11967707,+971 55 4025679,19:07.6,19:07.6,0,4000,18-45 years,Specific customer type not available for this store.,"Diverse (Emirati, South Asian, Western, Arab, Southeast Asian)",Balanced
14082,100200,Papparoti,Dining,Caf√©,Egypt Court,2,220,,,,25.0430487,55.116217,+971 4 330 0717,19:07.6,19:07.6,0,4000,18-45 years,Specific customer type not available for this store.,"Diverse (Emirati, South Asian, Western, Arab, Southeast Asian)",Balanced
14082,100201,PAUL,Dining,Caf√©,Persia Court,2,220,,,Holder Group,25.04552222,55.11978384,+971 4 557 9834,19:07.6,19:07.6,0,4500,25-65 years,Specific customer type not available for this store.,"Diverse (Emirati, South Asian, Western, Arab, Southeast Asian)",Balanced
14082,100202,Cinnabon,Dining,Caf√©,Tunisia Court,2,220,,,Focus Brands Inc.,25.04167893,55.11842625,+971 4 368 5635,19:07.6,19:07.6,0,4000,18-50 years,Specific customer type not available for this store.,"Diverse (Emirati, South Asian, Western, Arab, Southeast Asian)",Balanced
14082,100203,Cold Stone,Dining,Caf√©,Tunisia Court,2,220,,,Apparel Group,25.04311264,55.11837985,+971 564041801,19:07.6,19:07.6,0,4000,25-65 years,Specific customer type not available for this store.,"Diverse (Emirati, South Asian, Western, Arab, Southeast Asian)",Balanced
14082,100204,Jamaica Blue,Dining,Caf√©,Tunisia Court,2,220,,,Foodco Group Pty Ltd,25.04248316,55.11830691,43699316,19:07.6,19:07.6,0,3500,15-50 years,Specific customer type not available for this store.,"Diverse (Emirati, South Asian, Western, Arab, Southeast Asian)",Balanced
14082,100205,Starbucks,Dining,Caf√©,Tunisia Court,2,220,,, Starbucks Corporation,25.04238725,55.11815845,44190031,19:07.6,19:07.6,0,5000,18-50 years,"Young professionals, students, and families enjoying premium coffee and snacks.","Diverse (Emirati, South Asian, Western, Arab, Southeast Asian)",Balanced
14082,100206,Starbucks,Dining,Caf√©,China Court,2,220,,, Starbucks Corporation,25.04747977,55.12214339,44190030,19:07.6,19:07.6,0,5000,18-50 years,"Young professionals, students, and families enjoying premium coffee and snacks.","Diverse (Emirati, South Asian, Western, Arab, Southeast Asian)",Balanced
14082,100207,Starbucks,Dining,Caf√©,Persia Court,2,220,,, Starbucks Corporation,25.04500128,55.12021551,44190029,19:07.6,19:07.6,0,5000,18-50 years,"Young professionals, students, and families enjoying premium coffee and snacks.","Diverse (Emirati, South Asian, Western, Arab, Southeast Asian)",Balanced
14082,100208,Mistica,Dining,Caf√©,China Court,2,220,,,,25.04852387,55.12156085,45786236,19:07.6,19:07.6,0,3000,18-50 years,Specific customer type not available for this store.,"Diverse (Emirati, South Asian, Western, Arab, Southeast Asian)",Balanced
14082,100209,Alpys Caf√©,Dining,Caf√©,India Court,2,220,,,,25.04629616,55.12240568,+971 4 440 5961,19:07.6,19:07.6,0,3000,25-50 years,Specific customer type not available for this store.,"Diverse (Emirati, South Asian, Western, Arab, Southeast Asian)",Balanced
14082,100210,Caffe Divino,Dining,Caf√©,India Court,2,220,,,Al Qubaisi Group,25.04696196,55.12120148,43310266,19:07.6,19:07.6,0,3000,18-45 years,Specific customer type not available for this store.,"Diverse (Emirati, South Asian, Western, Arab, Southeast Asian)",Balanced
14082,100211,Costa Coffee,Dining,Caf√©,China Court,2,220,,, The Coca-Cola Company,25.04781431,55.12227917,+971 4 368 5631,19:07.6,19:07.6,0,4500,18-45 years,Families and professionals seeking a relaxed caf√© experience.,"Diverse (Emirati, South Asian, Western, Arab, Southeast Asian)",Balanced
14082,100212,Happy Lemon,Dining,Caf√©,Andalusia Court,2,220,,,Yummy-Town Group,25.0419343,55.11695407,44580397,19:07.6,19:07.6,0,3500,25-65 years,Specific customer type not available for this store.,"Diverse (Emirati, South Asian, Western, Arab, Southeast Asian)",Balanced
14082,100213,Latea,Dining,Caf√©,Persia Court,2,220,,,,25.04621639,55.11833022,526642709,19:07.6,19:07.6,0,3000,18-50 years,Specific customer type not available for this store.,"Diverse (Emirati, South Asian, Western, Arab, Southeast Asian)",Balanced
14082,100214,illy Caffe,Dining,Caf√©,Persia Court,2,220,,,,25.045007,55.1176124,589039169,19:07.6,19:07.6,0,3500,25-65 years,Specific customer type not available for this store.,"Diverse (Emirati, South Asian, Western, Arab, Southeast Asian)",Balanced
14082,100215,Kahve Dunyasi,Dining,Caf√©,India Court,2,220,,,Alt?nmarka Group,25.04623904,55.12148271,+971 4 572 7738,19:07.6,19:07.6,0,4000,15-50 years,Specific customer type not available for this store.,"Diverse (Emirati, South Asian, Western, Arab, Southeast Asian)",Balanced
14082,100216,Dunkin‚Äô,Dining,Caf√©,Andalusia Court,2,220,,,"Inspire Brands, Inc.",25.04177885,55.1183343,45865057,19:07.6,19:07.6,0,4000,25-65 years,Specific customer type not available for this store.,"Diverse (Emirati, South Asian, Western, Arab, Southeast Asian)",Balanced
14082,100217,Tim Horton's,Dining,Caf√©,India Court,2,220,,,Apparel Group,25.188744,55.2645071,552136322,19:07.6,19:07.6,0,5000,25-65 years,Specific customer type not available for this store.,"Diverse (Emirati, South Asian, Western, Arab, Southeast Asian)",Balanced
14082,100218,Tim Horton's,Dining,Caf√©,Tunisia Court,2,220,,,Apparel Group,25.2048541,55.2659172,565090260,19:07.6,19:07.6,0,5000,25-65 years,Specific customer type not available for this store.,"Diverse (Emirati, South Asian, Western, Arab, Southeast Asian)",Balanced
14082,100219,Bombay Chowpatty,Dining,FoodCourt,Tunisia Court,2,220,,,China Gate Restaurants,25.04273982,55.11857148,+971 4 3682807,19:07.6,19:07.6,0,4000,18-50 years,Specific customer type not available for this store.,"Diverse (Emirati, South Asian, Western, Arab, Southeast Asian)",Balanced
14082,100220,Charley's Subs,Dining,FoodCourt,Tunisia Court,2,220,,,Charleys Philly Steaks,25.04265606,55.11861606,+971 569980567,19:07.6,19:07.6,0,4000,25-50 years,Specific customer type not available for this store.,"Diverse (Emirati, South Asian, Western, Arab, Southeast Asian)",Balanced
14082,100221,Krispy Kreme Doughnuts,Dining,FoodCourt,Tunisia Court,2,220,,,JAB Holding Company,25.04290416,55.11869081,971 5 56026571,19:07.6,19:07.6,0,4500,10-35 years,Specific customer type not available for this store.,"Diverse (Emirati, South Asian, Western, Arab, Southeast Asian)",Balanced
14082,100222,Chinese Palace Restaurant,Dining,FoodCourt,Tunisia Court,2,220,,,Chinese Palace Restaurant Group,25.04289566,55.11876608,+971 4 368 5009,19:07.6,19:07.6,0,4000,18-45 years,Specific customer type not available for this store.,"Diverse (Emirati, South Asian, Western, Arab, Southeast Asian)",Balanced
14082,100223,Noon-O-Kabab,Dining,FoodCourt,Tunisia Court,2,220,,,Noon-O-Kabab Restaurant LLC,25.0442665,55.1167972,971 4 368 5009,19:07.6,19:07.6,0,4000,25-65 years,Specific customer type not available for this store.,"Diverse (Emirati, South Asian, Western, Arab, Southeast Asian)",Balanced
14082,100224,Automatic,Dining,FoodCourt,Tunisia Court,2,220,,,Automatic Restaurants & Grill,25.0424593,55.11866809,45467629,19:07.6,19:07.6,0,4000,18-50 years,Specific customer type not available for this store.,"Diverse (Emirati, South Asian, Western, Arab, Southeast Asian)",Balanced
14082,100225,BUBEE DRINKS,Dining,FoodCourt,Tunisia Court,2,220,,,,25.0442269,55.1174757,521138166,19:07.6,19:07.6,0,3000,25-65 years,Specific customer type not available for this store.,"Diverse (Emirati, South Asian, Western, Arab, Southeast Asian)",Balanced
14082,100226,Chicking,Dining,FoodCourt,Persia Court,2,220,,,Al Bayan Group,25.0445893,55.1177293,+971 503551913,19:07.6,19:07.6,0,4000,15-50 years,Specific customer type not available for this store.,"Diverse (Emirati, South Asian, Western, Arab, Southeast Asian)",Balanced
14082,100227,Pushkin,Dining,FoodCourt,Tunisia Court,2,220,,,,25.04283938,55.1186831,552700017,19:07.6,19:07.6,0,3500,25-65 years,Specific customer type not available for this store.,"Diverse (Emirati, South Asian, Western, Arab, Southeast Asian)",Balanced
14082,100228,Papa John‚Äôs Pizza,Dining,FoodCourt,Persia Court,2,220,,,"Papa John's International, Inc.",25.04583676,55.1192405,45754935,19:07.6,19:07.6,0,4000,25-65 years,Specific customer type not available for this store.,"Diverse (Emirati, South Asian, Western, Arab, Southeast Asian)",Balanced
14082,100229,Shakeys,Dining,FoodCourt,Persia Court,2,220,,,Shakey's Pizza Asia Ventures Inc.,25.04656998,55.11809732,504300968,19:07.6,19:07.6,0,4000,10-35 years,Specific customer type not available for this store.,"Diverse (Emirati, South Asian, Western, Arab, Southeast Asian)",Balanced
14082,100230,Taza,Dining,FoodCourt,Tunisia Court,2,220,,,Taza Company,25.04268446,55.11882827,+971 4 331 4554,19:07.6,19:07.6,0,4000,18-50 years,Specific customer type not available for this store.,"Diverse (Emirati, South Asian, Western, Arab, Southeast Asian)",Balanced
14082,100231,Thaifoon,Dining,FoodCourt,Tunisia Court,2,220,,,,25.0422295,55.11885349,45841310,19:07.6,19:07.6,0,3500,25-50 years,Specific customer type not available for this store.,"Diverse (Emirati, South Asian, Western, Arab, Southeast Asian)",Balanced
14082,100232,Sushi Your Way,Dining,FoodCourt,Persia Court,2,220,,,,25.04659175,55.11793192,48761186,19:07.6,19:07.6,0,3500,25-65 years,Specific customer type not available for this store.,"Diverse (Emirati, South Asian, Western, Arab, Southeast Asian)",Balanced
14082,100233,Macao Imperial Tea,Dining,FoodCourt,Persia Court,2,220,,,Fredley Group of Companies,25.04649612,55.11804638,501179218,19:07.6,19:07.6,0,3000,18-45 years,Specific customer type not available for this store.,"Diverse (Emirati, South Asian, Western, Arab, Southeast Asian)",Balanced
14082,100234,Jollibee,Dining,FoodCourt,Persia Court,2,220,,, Jollibee Foods Corporation,25.04653647,55.11806469,600 58 7000,19:07.6,19:07.6,0,4500,25-65 years,Specific customer type not available for this store.,"Diverse (Emirati, South Asian, Western, Arab, Southeast Asian)",Balanced
14082,100235,Khau Galli Restaurant,Dining,FoodCourt,Tunisia Court,2,220,,,Khau Galli Restaurant DMCC,25.04220102,55.11828582,554645864,19:07.6,19:07.6,0,3500,18-50 years,Specific customer type not available for this store.,"Diverse (Emirati, South Asian, Western, Arab, Southeast Asian)",Balanced
14082,100236,Madam Pho,Dining,FoodCourt,Tunisia Court,2,220,,,PHO Vietnamese Ltd,25.04312216,55.11830177,45878842,19:07.6,19:07.6,0,3500,25-65 years,Specific customer type not available for this store.,"Diverse (Emirati, South Asian, Western, Arab, Southeast Asian)",Balanced
14082,100237,Ichikura,Dining,FoodCourt,Persia Court,2,220,,,,25.04621656,55.11834144,+971 4 4428126,19:07.6,19:07.6,0,3000,15-50 years,Specific customer type not available for this store.,"Diverse (Emirati, South Asian, Western, Arab, Southeast Asian)",Balanced
14082,100238,Umami,Dining,FoodCourt,Tunisia Court,2,220,,,Umami United,25.0425836,55.11897367,+971 4 4357588,19:07.6,19:07.6,0,3000,25-65 years,Specific customer type not available for this store.,"Diverse (Emirati, South Asian, Western, Arab, Southeast Asian)",Balanced
14082,100239,Pizza Hut,Dining,FoodCourt,Tunisia Court,2,220,,, Yum! Brands,25.04288188,55.11880177,555506314,19:07.6,19:07.6,0,4500,25-65 years,Specific customer type not available for this store.,"Diverse (Emirati, South Asian, Western, Arab, Southeast Asian)",Balanced
14082,100240,AL SAFEER,Dining,FoodCourt,Tunisia Court,2,220,,,Al Safeer Group of Companies,25.0423678,55.1161975,+971 55 4025775,19:07.6,19:07.6,0,3500,25-65 years,Specific customer type not available for this store.,"Diverse (Emirati, South Asian, Western, Arab, Southeast Asian)",Balanced
14082,100241,Tapa king,Dining,FoodCourt,Persia Court,2,220,,,,25.04681344,55.11812058,04-5879522,19:07.6,19:07.6,0,3500,18-50 years,Specific customer type not available for this store.,"Diverse (Emirati, South Asian, Western, Arab, Southeast Asian)",Balanced
14082,100242,Razon's,Dining,FoodCourt,Persia Court,2,220,,,,25.04663604,55.11793506,45149367,19:07.6,19:07.6,0,3000,25-50 years,Specific customer type not available for this store.,"Diverse (Emirati, South Asian, Western, Arab, Southeast Asian)",Balanced
14082,100243,Chowking,Dining,FoodCourt,Tunisia Court,2,220,,,Jollibee Foods Corporation,25.04272338,55.11867493,600 560031,19:07.6,19:07.6,0,4000,10-35 years,Specific customer type not available for this store.,"Diverse (Emirati, South Asian, Western, Arab, Southeast Asian)",Balanced
14082,100244,KFC,Dining,FoodCourt,Persia Court,2,220,,, Yum! Brands,25.0464008,55.1178984,551987350,19:07.6,19:07.6,0,5000,18-45 years,"Families, teens, and young adults enjoying fast food dining.","Diverse (Emirati, South Asian, Western, Arab, Southeast Asian)",Balanced
14082,100245,Potato Corner,Dining,FoodCourt,Persia Court,2,220,,,Shakey's Pizza Asia Ventures Inc.,25.04648935,55.1179963,45578197,19:07.6,19:07.6,0,3500,25-65 years,Specific customer type not available for this store.,"Diverse (Emirati, South Asian, Western, Arab, Southeast Asian)",Balanced
14082,100246,Sizzlin' Steak,Dining,FoodCourt,Tunisia Court,2,220,,,,25.04478624,55.1204076,056 421 6705,19:07.6,19:07.6,0,3000,18-50 years,Specific customer type not available for this store.,"Diverse (Emirati, South Asian, Western, Arab, Southeast Asian)",Balanced
14082,100247,KFC Jebel Ali,Dining,FoodCourt,Tunisia Court,2,220,,,KFC (Kentucky Fried Chicken),25.0446161,55.1178273,556026249,19:07.6,19:07.6,0,5000,25-65 years,Specific customer type not available for this store.,"Diverse (Emirati, South Asian, Western, Arab, Southeast Asian)",Balanced
14082,100248,Island Tea,Dining,FoodCourt,Persia Court,2,220,,,,25.04656702,55.1177534,052 3545905,19:07.6,19:07.6,0,3000,15-50 years,Specific customer type not available for this store.,"Diverse (Emirati, South Asian, Western, Arab, Southeast Asian)",Balanced
14082,100249,Wendy's,Dining,FoodCourt,Tunisia Court,2,220,,, The Wendy's Company,25.04272636,55.11886807,566812761,19:07.6,19:07.6,0,4500,25-65 years,Specific customer type not available for this store.,"Diverse (Emirati, South Asian, Western, Arab, Southeast Asian)",Balanced
14082,100250,Debonairs Pizza,Dining,FoodCourt,Persia Court,2,220,,,Famous Brands,25.04471276,55.12030217,600500107,19:07.6,19:07.6,0,4000,25-65 years,Specific customer type not available for this store.,"Diverse (Emirati, South Asian, Western, Arab, Southeast Asian)",Balanced
14082,100251,Steers,Dining,FoodCourt,Persia Court,2,220,,,Famous Brands,24.9772096,55.0708488,600500107,19:07.6,19:07.6,0,3500,25-65 years,Specific customer type not available for this store.,"Diverse (Emirati, South Asian, Western, Arab, Southeast Asian)",Balanced
14082,100252,Hardee‚Äôs¬†,Dining,FoodCourt,Tunisia Court,2,220,,,"CKE Restaurants Holdings, Inc.",25.04265304,55.11875267,586829900,19:07.6,19:07.6,0,4500,18-50 years,Specific customer type not available for this store.,"Diverse (Emirati, South Asian, Western, Arab, Southeast Asian)",Balanced
14082,100253,KORYO,Dining,FoodCourt,Tunisia Court,2,220,,,,25.0426812,55.1188819,+971 4 221 5179,19:07.6,19:07.6,0,3500,25-50 years,Specific customer type not available for this store.,"Diverse (Emirati, South Asian, Western, Arab, Southeast Asian)",Balanced
14082,100254,McDonald's,Dining,FoodCourt,Tunisia Court,2,220,,, McDonald's Corporation,25.0468213,55.11807281,43685611,19:07.6,19:07.6,0,5500,18-45 years,Specific customer type not available for this store.,"Diverse (Emirati, South Asian, Western, Arab, Southeast Asian)",Balanced
14082,100255,McDonald's,Dining,FoodCourt,Persia Court,2,220,,, McDonald's Corporation,25.04304991,55.11889893,569953713,19:07.6,19:07.6,0,5500,18-45 years,Specific customer type not available for this store.,"Diverse (Emirati, South Asian, Western, Arab, Southeast Asian)",Balanced
14082,100256,Xenia Cafe and Lounge,Dining,Restaurant,China Court,2,220,,,Xenia Cafe and Restaurant LLC,25.04819847,55.12139118,+971 4 551 6503,19:07.6,19:07.6,0,3500,25-65 years,Specific customer type not available for this store.,"Diverse (Emirati, South Asian, Western, Arab, Southeast Asian)",Balanced
14082,100257,Royal Orchid Restaurant,Dining,Restaurant,China Court,2,220,,,Royal Orchid Group,25.0477589,55.120671,45655123,19:07.6,19:07.6,0,4000,18-50 years,Specific customer type not available for this store.,"Diverse (Emirati, South Asian, Western, Arab, Southeast Asian)",Balanced
14082,100258,India Palace,Dining,Restaurant,China Court,2,220,,,SFC Group,25.04799831,55.12278928,+971 4 368 5569,19:07.6,19:07.6,0,4000,25-65 years,Specific customer type not available for this store.,"Diverse (Emirati, South Asian, Western, Arab, Southeast Asian)",Balanced
14082,100259,T.G.I. Friday's,Dining,Restaurant,China Court,2,220,,, TriArtisan Capital Advisors,25.0478428,55.12246741,48826395,19:07.6,19:07.6,0,5000,15-50 years,Specific customer type not available for this store.,"Diverse (Emirati, South Asian, Western, Arab, Southeast Asian)",Balanced
14082,100260,The Qasab,Dining,Restaurant,China Court,2,220,,,,25.04553856,55.11957664,04-5831973,19:07.6,19:07.6,0,3500,25-65 years,Specific customer type not available for this store.,"Diverse (Emirati, South Asian, Western, Arab, Southeast Asian)",Balanced
14082,100261,Gazebo,Dining,Restaurant,Persia Court,2,220,,,Gazebo Restaurant Group,25.04552193,55.11955387,44538433,19:07.6,19:07.6,0,4000,25-65 years,Specific customer type not available for this store.,"Diverse (Emirati, South Asian, Western, Arab, Southeast Asian)",Balanced
14082,100262,Coterie Social and Kitchen,Dining,Restaurant,China Court,2,220,,,Coterie Group,25.04784316,55.12091995,45708072,19:07.6,19:07.6,0,3500,25-65 years,Specific customer type not available for this store.,"Diverse (Emirati, South Asian, Western, Arab, Southeast Asian)",Balanced
14082,100263,Nando's,Dining,Restaurant,China Court,2,220,,, Nando's Group Holdings Ltd,25.0450301,55.1178144,544300729,19:07.6,19:07.6,0,4500,18-50 years,Specific customer type not available for this store.,"Diverse (Emirati, South Asian, Western, Arab, Southeast Asian)",Balanced
14082,100264,Hadoota Masreya Restaurant & Cafe,Dining,Restaurant,India Court,2,220,,,Hadoota Masreya Restaurant & Cafe LLC,25.04621788,55.12241331,44405962,19:07.6,19:07.6,0,3500,25-50 years,Specific customer type not available for this store.,"Diverse (Emirati, South Asian, Western, Arab, Southeast Asian)",Balanced
14082,100265,Off the Hook,Dining,Restaurant,Persia Court,2,220,,,Off The Hook Restaurant Group,25.04536998,55.11951728,48800500,19:07.6,19:07.6,0,4000,18-45 years,Specific customer type not available for this store.,"Diverse (Emirati, South Asian, Western, Arab, Southeast Asian)",Balanced
14082,100266,Pizza Express,Dining,Restaurant,China Court,2,220,,, Hony Capital,25.04818963,55.1230682,+971 4 368 5134,19:07.6,19:07.6,0,4500,18-45 years,Specific customer type not available for this store.,"Diverse (Emirati, South Asian, Western, Arab, Southeast Asian)",Balanced
14082,100267,KAMAT,Dining,Restaurant,Persia Court,2,220,,,Kamat Group,25.0451688,55.1167743,45542747,19:07.6,19:07.6,0,4000,25-65 years,Specific customer type not available for this store.,"Diverse (Emirati, South Asian, Western, Arab, Southeast Asian)",Balanced
14082,100268,Samsung,Electronics,Telecommunications,Tunisia Court,2,220,27,,Samsung Electronics Co,25.04188292,55.11849059,97145134863,15:15.3,15:15.3,0,5000,18-50 years,Tech-savvy customers and professionals buying the latest electronic devices.,"Diverse (Emirati, South Asian, Western, Arab, Southeast Asian)",Balanced
14082,100269,Sharaf DG,Electronics,Telecommunications,China Court,2,220,27,,Sharaf Group,25.0477831,55.12220595,43685115,15:15.3,15:15.3,0,6000,18-50 years,Tech enthusiasts and professionals purchasing gadgets and electronics.,Primarily Male (South Asian and Western),Male-dominated
14082,100270,Sharaf DG 4U,Electronics,Telecommunications,Egypt Court,2,220,27,,Sharaf Group,25.04334906,55.11933764,43495776,15:15.3,15:15.3,0,5500,15-50 years,Specific customer type not available for this store.,Primarily Male (South Asian and Western),Male-dominated
14082,100271,E-Max,Electronics,Telecommunications,China Court,2,220,27,,Landmark Group,25.0469407,55.1196209,+971 4 551 9208,15:15.3,15:15.3,0,5000,25-65 years,Specific customer type not available for this store.,"Diverse (Emirati, South Asian, Western, Arab, Southeast Asian)",Balanced
14082,100272,050 Telecom,Electronics,Telecommunications,Tunisia Court,2,220,27,,050 Telecom,25.04207908,55.11786187,9.72E+11,15:15.3,15:15.3,0,4000,18-45 years,Specific customer type not available for this store.,"Diverse (Emirati, South Asian, Western, Arab, Southeast Asian)",Balanced
14082,100273,Virgin Megastore,Electronics,Telecommunications,Tunisia Court,2,220,27,,Azadea Group,25.0864208,55.195392,45707173,15:15.3,15:15.3,0,6000,25-65 years,"Music, gaming, and tech enthusiasts exploring diverse products.","Diverse (Emirati, South Asian, Western, Arab, Southeast Asian)",Balanced
14082,100274,EROS,Electronics,Telecommunications,Persia Court,2,220,27,,Eros Group,25.04332242,55.11834617,553828957,15:15.3,15:15.3,0,4500,18-50 years,Specific customer type not available for this store.,"Diverse (Emirati, South Asian, Western, Arab, Southeast Asian)",Balanced
14082,100275,Ala Hawak Mobile Accessories,Electronics,Telecommunications,Persia Court,2,220,27,,,25.0451794,55.1175935,588660058,15:15.3,15:15.3,0,3500,25-50 years,Specific customer type not available for this store.,"Diverse (Emirati, South Asian, Western, Arab, Southeast Asian)",Balanced
14082,100276,iSTYLE Dubai,Electronics,Telecommunications,Egypt Court,2,220,27,,Midis Group,25.04395308,25.04395308,44226981,15:15.3,15:15.3,0,4000,18-45 years,Specific customer type not available for this store.,"Diverse (Emirati, South Asian, Western, Arab, Southeast Asian)",Balanced
14082,100277,Smart Corner Dubai,Electronics,Telecommunications,Tunisia Court,2,220,27,,,,,555112084,15:15.3,15:15.3,0,3500,18-45 years,Specific customer type not available for this store.,"Diverse (Emirati, South Asian, Western, Arab, Southeast Asian)",Balanced
14082,100278,Z Games Dubai,Electronics,Telecommunications,China Court,2,220,27,,,25.2048544,55.2682017,48348455,15:15.3,15:15.3,0,3000,25-65 years,Specific customer type not available for this store.,"Diverse (Emirati, South Asian, Western, Arab, Southeast Asian)",Balanced
14082,100279,IMPRESSIONS,Footwear,Footwear,Egypt Court,2,220,27,,,25.0440332,55.1173923,44340537,31:37.5,31:37.5,0,3000,18-50 years,Specific customer type not available for this store.,"Diverse (Emirati, South Asian, Western, Arab, Southeast Asian)",Balanced
14082,100280,Deichmann,Footwear,Footwear,India Court,2,220,27,,Deichmann SE,25.0447552,55.12057089,+971 4 514 4975,31:37.5,31:37.5,0,4000,25-65 years,Specific customer type not available for this store.,"Diverse (Emirati, South Asian, Western, Arab, Southeast Asian)",Balanced
14082,100281,Aldo,Footwear,Footwear,India Court,2,220,27,,ALDO Group,25.044587,55.1177162,+971 552136090,31:37.5,31:37.5,0,4500,18-45 years,Specific customer type not available for this store.,"Diverse (Emirati, South Asian, Western, Arab, Southeast Asian)",Balanced
14082,100282,Birkenstock,Footwear,Footwear,India Court,2,220,27,,Birkenstock Group,25.044587,55.1345007,526078575,31:37.5,31:37.5,0,3500,25-65 years,Specific customer type not available for this store.,"Diverse (Emirati, South Asian, Western, Arab, Southeast Asian)",Balanced
14082,100283,Foot Locker Dubai,Footwear,Footwear,India Court,2,220,27,,"Foot Locker Retail, Inc",25.04517667,55.12075335,+971 4 419 0304,31:37.5,31:37.5,0,5000,25-65 years,Specific customer type not available for this store.,"Diverse (Emirati, South Asian, Western, Arab, Southeast Asian)",Balanced
14082,100284,CCC Dubai,Footwear,Footwear,India Court,2,220,27,,CCC S.A.,25.0455927,55.1187204,547932412,31:37.5,31:37.5,0,3500,25-65 years,Specific customer type not available for this store.,"Diverse (Emirati, South Asian, Western, Arab, Southeast Asian)",Balanced
14082,100285,Crocs,Footwear,Footwear,Tunisia Court,2,220,27,,"Crocs, Inc",25.04247761,55.11822895,547932253,31:37.5,31:37.5,0,4000,10-35 years,Specific customer type not available for this store.,"Diverse (Emirati, South Asian, Western, Arab, Southeast Asian)",Balanced
14082,100286,Skechers,Footwear,Footwear,Persia Court,2,220,27,,Skechers USA,25.04477253,55.12037614,+9714 4484651,31:37.5,31:37.5,0,4500,25-50 years,Specific customer type not available for this store.,"Diverse (Emirati, South Asian, Western, Arab, Southeast Asian)",Balanced
14082,100287,Clarks,Footwear,Footwear,Egypt Court,2,220,27,,C. & J. Clark International Ltd,25.04787893,55.1229358,+971 4 882 4492,31:37.5,31:37.5,0,4000,25-50 years,Specific customer type not available for this store.,"Diverse (Emirati, South Asian, Western, Arab, Southeast Asian)",Balanced
14082,100287,The Home,Home,decor,India Court,2,220,27,,,25.0458036,55.1179047,45725740,48:26.4,48:26.4,0,3500,18-45 years,Specific customer type not available for this store.,"Diverse (Emirati, South Asian, Western, Arab, Southeast Asian)",Balanced
14082,100288,The Mattress Store,Home,decor,India Court,2,220,27,,,25.0447924,55.1176055,+971 4 5898498,48:26.4,48:26.4,0,3000,25-65 years,Specific customer type not available for this store.,"Diverse (Emirati, South Asian, Western, Arab, Southeast Asian)",Balanced
14082,100289,United Furniture,Home,decor,India Court,2,220,27,,United Furniture,25.04655134,55.12064441,45570144,48:26.4,48:26.4,0,4000,18-50 years,Budget-conscious families furnishing their homes with affordable furniture.,"Diverse (Emirati, South Asian, Western, Arab, Southeast Asian)",Balanced
14082,100290,H&M Home Dubai,Home,decor,Persia Court,2,220,27,,Hennes & Mauritz AB (H&M),25.043452,55.116019,009714 4190626,48:26.4,48:26.4,0,4500,18-45 years,Specific customer type not available for this store.,"Diverse (Emirati, South Asian, Western, Arab, Southeast Asian)",Balanced
14082,100291,Kani Home,Home,decor,Persia Court,2,220,27,,,25.0459548,55.12010368,43685048,48:26.4,48:26.4,0,3500,15-50 years,Specific customer type not available for this store.,"Diverse (Emirati, South Asian, Western, Arab, Southeast Asian)",Balanced
14082,100292,Homes R Us,Home,decor,India Court,2,220,27,,Lals Group,25.0468986,55.12123893,+971 4 446 9820,48:26.4,48:26.4,0,4000,25-65 years,Families and professionals shopping for modern and stylish furniture.,"Diverse (Emirati, South Asian, Western, Arab, Southeast Asian)",Balanced
14082,100293,Home Box,Home,decor,Persia Court,2,220,27,,Landmark Group,25.04621266,55.11857785,+971 4 5146469,48:26.4,48:26.4,0,4500,25-65 years,Families seeking value-driven options for home decor and essentials.,"Diverse (Emirati, South Asian, Western, Arab, Southeast Asian)",Balanced
14082,100294,Super Trim,Accessories,Jewlleries,India Court,2,220,27,,,25.0457527,55.1192348,+971 4 364 9856,54:25.4,54:25.4,0,3000,25-65 years,Specific customer type not available for this store.,"Diverse (Emirati, South Asian, Western, Arab, Southeast Asian)",Balanced
14082,100295,Hairworks Beauty,Accessories,Jewlleries,Tunisia Court,2,220,27,,,25.0425676,55.11834497,+9714 44512777,54:25.4,54:25.4,0,3500,18-50 years,Specific customer type not available for this store.,"Diverse (Emirati, South Asian, Western, Arab, Southeast Asian)",Balanced
14082,100296,Lily Beauty Salon,Accessories,Jewlleries,China Court,2,220,27,,,25.0478303,55.1209567,506735194,54:25.4,54:25.4,0,3500,25-50 years,Specific customer type not available for this store.,"Diverse (Emirati, South Asian, Western, Arab, Southeast Asian)",Balanced
14082,100297,Cutting Edge Ladies Salon,Accessories,Jewlleries,Persia Court,2,220,27,,,25.04593362,55.11878601,526050591,54:25.4,54:25.4,0,3500,18-45 years,Specific customer type not available for this store.,"Diverse (Emirati, South Asian, Western, Arab, Southeast Asian)",Balanced
14082,100298,N.Bar,Accessories,Jewlleries,India Court,2,220,27,,Grooming Company,25.0465698,55.1194474,800 6227,54:25.4,54:25.4,0,4000,18-45 years,Specific customer type not available for this store.,"Diverse (Emirati, South Asian, Western, Arab, Southeast Asian)",Balanced
14082,100299,Cutting Edge Spa Dubai,Accessories,Jewlleries,Persia Court,2,220,27,,,25.04562439,55.11916959,564188312,54:25.4,54:25.4,0,3500,25-65 years,Specific customer type not available for this store.,"Diverse (Emirati, South Asian, Western, Arab, Southeast Asian)",Balanced
14082,100300,Groomen Barbershop Dubai,Accessories,Jewlleries,Tunisia Court,2,220,27,,,25.0426697,55.11807862,558913599,54:25.4,54:25.4,0,3000,18-50 years,Specific customer type not available for this store.,"Diverse (Emirati, South Asian, Western, Arab, Southeast Asian)",Balanced
14082,100301,Cutting Edge Gents Salon,Accessories,Jewlleries,Persia Court,2,220,27,,,,,522923172,54:25.4,54:25.4,0,3000,25-65 years,Specific customer type not available for this store.,"Diverse (Emirati, South Asian, Western, Arab, Southeast Asian)",Balanced
14082,100302,The Nail Spa,Accessories,Jewlleries,Tunisia Court,2,220,27,,Grooming Company,25.04280226,55.11795037,+971 4 3685070,54:25.4,54:25.4,0,4000,15-50 years,Specific customer type not available for this store.,"Diverse (Emirati, South Asian, Western, Arab, Southeast Asian)",Balanced
14082,100303,Mirrors Beauty Lounge,Accessories,Jewlleries,Persia Court,2,220,27,,,25.04552405,55.11921053,04 576 6288,54:25.4,54:25.4,0,3500,25-65 years,Specific customer type not available for this store.,"Diverse (Emirati, South Asian, Western, Arab, Southeast Asian)",Balanced
14082,100304,La Senza,Clothes,Lingerie,Egypt Court,2,220,27,,La Senza Corporation,25.04446022,55.12048251,+971 4 368 5238,57:38.3,57:38.3,0,4000,25-65 years,Specific customer type not available for this store.,"Diverse (Emirati, South Asian, Western, Arab, Southeast Asian)",Balanced
14082,100305,Jockey,Clothes,Lingerie,Egypt Court,2,220,27,,Jockey International,25.0440739,55.11943415,45547432,57:38.3,57:38.3,0,3500,25-65 years,Specific customer type not available for this store.,"Diverse (Emirati, South Asian, Western, Arab, Southeast Asian)",Balanced
14082,100306,Discover Stylish Lingerie at La Vie En Rose in Ibn Battuta Mall,Clothes,Lingerie,India Court,2,220,27,,Boutique La Vie en Rose Inc,25.0458328,55.1197217,+971 529093230,57:38.3,57:38.3,0,4000,18-50 years,Specific customer type not available for this store.,"Diverse (Emirati, South Asian, Western, Arab, Southeast Asian)",Balanced
14082,100307,Calzedonia Dubai,Clothes,Lingerie,India Court,2,220,27,,Calzedonia Group,25.0458622,55.119263,+971 4 584 4633,57:38.3,57:38.3,0,3500,25-50 years,Specific customer type not available for this store.,"Diverse (Emirati, South Asian, Western, Arab, Southeast Asian)",Balanced
14082,100308,Yateem Optics,Optician,Sunglasses,India Court,2,220,27,,"Yateem Group,",25.04633936,55.12060165,+971 4 421 0789,04:17.5,04:17.5,0,3500,10-35 years,Specific customer type not available for this store.,"Diverse (Emirati, South Asian, Western, Arab, Southeast Asian)",Balanced
14082,100309,Magrabi Optical,Optician,Sunglasses,China Court,2,220,27,,"Magrabi Retail,",25.0467131,55.1221027,+971 4 368 5683,04:17.5,04:17.0,0,4000,18-45 years,High-income customers purchasing premium optical solutions.,"Diverse (Emirati, South Asian, Western, Arab, Southeast Asian)",Balanced
14082,100310,Al Jaber Optical,Optician,Sunglasses,Tunisia Court,2,220,27,,Al Jaber Group,25.04244558,55.11806103,+971 4 882 3750,04:17.5,04:17.5,0,3500,25-65 years,Specific customer type not available for this store.,"Diverse (Emirati, South Asian, Western, Arab, Southeast Asian)",Balanced
14082,100311,Vision Express,Optician,Sunglasses,Egypt Court,2,220,27,,GrandVision,25.0445048,55.1177197,+971 4 419 0643,04:17.5,04:17.5,0,4000,18-50 years,Professionals and families seeking functional and stylish eyewear.,"Diverse (Emirati, South Asian, Western, Arab, Southeast Asian)",Balanced
14082,100312,Lenskart Dubai,Optician,Sunglasses,Egypt Court,2,220,27,,Lenskart Solutions Pvt. Ltd,25.04478618,55.11927752,44580832,04:17.5,04:17.5,0,3500,25-65 years,Specific customer type not available for this store.,"Diverse (Emirati, South Asian, Western, Arab, Southeast Asian)",Balanced
14082,100313,Eyewa Dubai,Optician,Sunglasses,Persia Court,2,220,27,,"Eyewa LLC,",25.0440837,55.1172055,04 247 2979,04:17.5,04:17.5,0,3000,15-50 years,Specific customer type not available for this store.,"Diverse (Emirati, South Asian, Western, Arab, Southeast Asian)",Balanced
14082,100314,Upgrade Your Vision with Rivoli EyeZone at Ibn Battuta Mall,Optician,Sunglasses,India Court,2,220,27,,"Rivoli Group,",25.0445579,55.1177167,+971 48826373,04:17.5,04:17.5,0,4000,25-65 years,Specific customer type not available for this store.,"Diverse (Emirati, South Asian, Western, Arab, Southeast Asian)",Balanced
14082,100315,Dubai Optical Co. LLC,Optician,Sunglasses,Persia Court,2,220,27,,benchmark,25.04692494,55.12075307,+971 4 368 5539,04:17.5,04:17.5,0,3500,25-65 years,Specific customer type not available for this store.,"Diverse (Emirati, South Asian, Western, Arab, Southeast Asian)",Balanced
14082,100316,Just Optics,Optician,Sunglasses,Egypt Court,2,220,27,,,25.04367,55.11851731,+971 4 368 5523,04:17.5,04:17.5,0,3000,25-65 years,Specific customer type not available for this store.,"Diverse (Emirati, South Asian, Western, Arab, Southeast Asian)",Balanced
14082,100317,Frame Optics,Optician,Sunglasses,Egypt Court,2,220,27,,,25.04418566,55.1185463,45299891,04:17.5,04:17.5,0,3000,18-50 years,Specific customer type not available for this store.,"Diverse (Emirati, South Asian, Western, Arab, Southeast Asian)",Balanced
